
delete from ACCEPT_TABLE;
insert into ACCEPT_TABLE (MATERIAL_NO,MATERIAL_NAME,CATEGORY_NO,MANUFACTURER,QTY,STATUS) values  ('001','Cellartis® MSC Xeno-Free Basal Medium, 475 ml','Y50201','Takara Bio Inc.','30','Q01'); 
insert into ACCEPT_TABLE (MATERIAL_NO,MATERIAL_NAME,CATEGORY_NO,MANUFACTURER,QTY,STATUS) values  ('002','Cellartis® MSC Xeno-Free Supplement','Y50202','Takara Bio Inc.','20','Q01'); 
insert into ACCEPT_TABLE (MATERIAL_NO,MATERIAL_NAME,CATEGORY_NO,MANUFACTURER,QTY,STATUS) values  ('003','DPBS, no calcium, no magnesium, 500 ml','Y50203','Thermo Fisher Scientific','10','Q01'); 
insert into ACCEPT_TABLE (MATERIAL_NO,MATERIAL_NAME,CATEGORY_NO,MANUFACTURER,QTY,STATUS) values  ('004','TrypLE Select Enzyme (1X), no phenol red, 500m ml','Y50204','Thermo Fisher Scientific','10','Q01'); 
insert into ACCEPT_TABLE (MATERIAL_NO,MATERIAL_NAME,CATEGORY_NO,MANUFACTURER,QTY,STATUS) values  ('005','Cellartis® MSC Xeno-Free Basal Medium, 475 ml','Y50205','Takara Bio Inc.','30','Q01'); 
insert into ACCEPT_TABLE (MATERIAL_NO,MATERIAL_NAME,CATEGORY_NO,MANUFACTURER,QTY,STATUS) values  ('006','Cellartis® MSC Xeno-Free Supplement','Y50206','Takara Bio Inc.','20','Q01'); 
insert into ACCEPT_TABLE (MATERIAL_NO,MATERIAL_NAME,CATEGORY_NO,MANUFACTURER,QTY,STATUS) values  ('007','DPBS, no calcium, no magnesium, 500 ml','Y50207','Thermo Fisher Scientific','10','Q01'); 
insert into ACCEPT_TABLE (MATERIAL_NO,MATERIAL_NAME,CATEGORY_NO,MANUFACTURER,QTY,STATUS) values  ('008','TrypLE Select Enzyme (1X), no phenol red, 500m ml','Y50208','Thermo Fisher Scientific','10','Q01'); 
insert into ACCEPT_TABLE (MATERIAL_NO,MATERIAL_NAME,CATEGORY_NO,MANUFACTURER,QTY,STATUS) values  ('009','Cellartis® MSC Xeno-Free Basal Medium, 475 ml','Y50209','Takara Bio Inc.','30','Q01'); 
insert into ACCEPT_TABLE (MATERIAL_NO,MATERIAL_NAME,CATEGORY_NO,MANUFACTURER,QTY,STATUS) values  ('010','Cellartis® MSC Xeno-Free Supplement','Y50210','Takara Bio Inc.','20','Q01'); 
insert into ACCEPT_TABLE (MATERIAL_NO,MATERIAL_NAME,CATEGORY_NO,MANUFACTURER,QTY,STATUS) values  ('011','DPBS, no calcium, no magnesium, 500 ml','Y50211','Thermo Fisher Scientific','10','Q01'); 
insert into ACCEPT_TABLE (MATERIAL_NO,MATERIAL_NAME,CATEGORY_NO,MANUFACTURER,QTY,STATUS) values  ('012','TrypLE Select Enzyme (1X), no phenol red, 500m ml','Y50212','Thermo Fisher Scientific','10','Q01'); 
insert into ACCEPT_TABLE (MATERIAL_NO,MATERIAL_NAME,CATEGORY_NO,MANUFACTURER,QTY,STATUS) values  ('013','Cellartis® MSC Xeno-Free Basal Medium, 475 ml','Y50213','Takara Bio Inc.','30','Q01'); 
insert into ACCEPT_TABLE (MATERIAL_NO,MATERIAL_NAME,CATEGORY_NO,MANUFACTURER,QTY,STATUS) values  ('014','Cellartis® MSC Xeno-Free Supplement','Y50214','Takara Bio Inc.','20','Q01'); 
insert into ACCEPT_TABLE (MATERIAL_NO,MATERIAL_NAME,CATEGORY_NO,MANUFACTURER,QTY,STATUS) values  ('015','DPBS, no calcium, no magnesium, 500 ml','Y50215','Thermo Fisher Scientific','10','Q01'); 
insert into ACCEPT_TABLE (MATERIAL_NO,MATERIAL_NAME,CATEGORY_NO,MANUFACTURER,QTY,STATUS) values  ('016','TrypLE Select Enzyme (1X), no phenol red, 500m ml','Y50216','Thermo Fisher Scientific','10','Q01'); 
insert into ACCEPT_TABLE (MATERIAL_NO,MATERIAL_NAME,CATEGORY_NO,MANUFACTURER,QTY,STATUS) values  ('017','Cellartis® MSC Xeno-Free Basal Medium, 475 ml','Y50217','Takara Bio Inc.','30','Q01'); 
insert into ACCEPT_TABLE (MATERIAL_NO,MATERIAL_NAME,CATEGORY_NO,MANUFACTURER,QTY,STATUS) values  ('018','Cellartis® MSC Xeno-Free Supplement','Y50218','Takara Bio Inc.','20','Q01'); 
insert into ACCEPT_TABLE (MATERIAL_NO,MATERIAL_NAME,CATEGORY_NO,MANUFACTURER,QTY,STATUS) values  ('019','DPBS, no calcium, no magnesium, 500 ml','Y50219','Thermo Fisher Scientific','10','Q01'); 
insert into ACCEPT_TABLE (MATERIAL_NO,MATERIAL_NAME,CATEGORY_NO,MANUFACTURER,QTY,STATUS) values  ('020','TrypLE Select Enzyme (1X), no phenol red, 500m ml','Y50220','Thermo Fisher Scientific','10','Q01'); 

update WORK_MASTER set CAPTURE1='ET101-1.png' where WORK_GROUP = 'ET101' and WORK_ID = '001';
update WORK_MASTER set CSV1='ET102-1.csv' where WORK_GROUP = 'ET102' and WORK_ID = '001';
update WORK_MASTER set CAPTURE1='ET201-1.png' where WORK_GROUP = 'ET201' and WORK_ID = '001';
update WORK_MASTER set CAPTURE1='ET301-1.png' where WORK_GROUP = 'ET301' and WORK_ID = '001';
update WORK_MASTER set CSV1='ET302-1.csv' where WORK_GROUP = 'ET302' and WORK_ID = '001';
update WORK_MASTER set CAPTURE1='ET303-1.png' where WORK_GROUP = 'ET303' and WORK_ID = '001';
update WORK_MASTER set CAPTURE1='ET304-1.png',CAPTURE2='ET304-2.png',CAPTURE3='ET304-3.png',CSV1='ET304-1.csv',CSV2='ET304-2.csv',CSV3='ET304-3.csv' where WORK_GROUP = 'ET304' and WORK_ID = '001';
update WORK_MASTER set CAPTURE1='ET305-1.png',CSV1='ET305-1.csv' where WORK_GROUP = 'ET305' and WORK_ID = '001';
update WORK_MASTER set CSV1='ET401-1.csv' where WORK_GROUP = 'ET401' and WORK_ID = '001';
update WORK_MASTER set CSV1='ET402-1.csv' where WORK_GROUP = 'ET402' and WORK_ID = '001';
update WORK_MASTER set CAPTURE1='ET403-1.png', CSV1='ET403-1.csv' where WORK_GROUP = 'ET403' and WORK_ID = '001';
update WORK_MASTER set CSV1='ET404-1.csv' where WORK_GROUP = 'ET404' and WORK_ID = '001';
update WORK_MASTER set CAPTURE1='ET405-1.png',CSV1='ET405-1.csv' where WORK_GROUP = 'ET405' and WORK_ID = '001';
update WORK_MASTER set CSV1='ET406-1.csv' where WORK_GROUP = 'ET406' and WORK_ID = '001';

delete from MATERIAL_GROUP_TABLE;
insert into MATERIAL_GROUP_TABLE values ('MG001','001');
insert into MATERIAL_GROUP_TABLE values ('MG001','004');
insert into MATERIAL_GROUP_TABLE values ('MG001','007');
insert into MATERIAL_GROUP_TABLE values ('MG002','002');
insert into MATERIAL_GROUP_TABLE values ('MG002','005');
insert into MATERIAL_GROUP_TABLE values ('MG002','008');
insert into MATERIAL_GROUP_TABLE values ('MG003','003');
insert into MATERIAL_GROUP_TABLE values ('MG003','006');
insert into MATERIAL_GROUP_TABLE values ('MG003','009');

delete from AI_RELATION_TABLE;
insert into AI_RELATION_TABLE values ('IM001','EP1','001');
insert into AI_RELATION_TABLE values ('IM001','EP1','002');
insert into AI_RELATION_TABLE values ('IM001','EP1','003');
insert into AI_RELATION_TABLE values ('IM001','EP1','004');
insert into AI_RELATION_TABLE values ('IM001','EP1','005');
insert into AI_RELATION_TABLE values ('IM001','EP1','006');
insert into AI_RELATION_TABLE values ('IM001','EP1','007');
insert into AI_RELATION_TABLE values ('IM001','EP1','008');
insert into AI_RELATION_TABLE values ('IM001','EP3','001');
insert into AI_RELATION_TABLE values ('IM001','EP3','002');
insert into AI_RELATION_TABLE values ('IM001','EP3','003');
insert into AI_RELATION_TABLE values ('IM001','EP3','004');
insert into AI_RELATION_TABLE values ('IM001','EP3','005');
insert into AI_RELATION_TABLE values ('IM001','EP3','006');
insert into AI_RELATION_TABLE values ('IM001','EP3','007');
insert into AI_RELATION_TABLE values ('IM001','EP3','008');
insert into AI_RELATION_TABLE values ('IM001','EP3','009');
insert into AI_RELATION_TABLE values ('IM001','EP3','010');
insert into AI_RELATION_TABLE values ('IM001','EP3','011');
insert into AI_RELATION_TABLE values ('IM001','EP3','012');
insert into AI_RELATION_TABLE values ('IM001','EP4','001');
insert into AI_RELATION_TABLE values ('IM001','EP4','002');
insert into AI_RELATION_TABLE values ('IM001','EP4','003');
insert into AI_RELATION_TABLE values ('IM001','EP4','004');
insert into AI_RELATION_TABLE values ('IM001','EP4','005');
insert into AI_RELATION_TABLE values ('IM001','EP4','006');
insert into AI_RELATION_TABLE values ('IM001','EP4','007');
insert into AI_RELATION_TABLE values ('IM001','EP4','008');
insert into AI_RELATION_TABLE values ('IM001','EP4','009');
insert into AI_RELATION_TABLE values ('IM001','EP4','010');
insert into AI_RELATION_TABLE values ('IM001','EP4','011');
insert into AI_RELATION_TABLE values ('IM001','EP4','012');

insert into AI_RELATION_TABLE values ('IM002','EP1','001');
insert into AI_RELATION_TABLE values ('IM002','EP1','002');
insert into AI_RELATION_TABLE values ('IM002','EP1','003');
insert into AI_RELATION_TABLE values ('IM002','EP1','004');
insert into AI_RELATION_TABLE values ('IM002','EP1','005');
insert into AI_RELATION_TABLE values ('IM002','EP1','006');
insert into AI_RELATION_TABLE values ('IM002','EP1','007');
insert into AI_RELATION_TABLE values ('IM002','EP1','008');
insert into AI_RELATION_TABLE values ('IM002','EP3','001');
insert into AI_RELATION_TABLE values ('IM002','EP3','002');
insert into AI_RELATION_TABLE values ('IM002','EP3','003');
insert into AI_RELATION_TABLE values ('IM002','EP3','004');
insert into AI_RELATION_TABLE values ('IM002','EP3','005');
insert into AI_RELATION_TABLE values ('IM002','EP3','006');
insert into AI_RELATION_TABLE values ('IM002','EP3','007');
insert into AI_RELATION_TABLE values ('IM002','EP3','008');
insert into AI_RELATION_TABLE values ('IM002','EP3','009');
insert into AI_RELATION_TABLE values ('IM002','EP3','010');
insert into AI_RELATION_TABLE values ('IM002','EP3','011');
insert into AI_RELATION_TABLE values ('IM002','EP3','012');
insert into AI_RELATION_TABLE values ('IM002','EP4','001');
insert into AI_RELATION_TABLE values ('IM002','EP4','002');
insert into AI_RELATION_TABLE values ('IM002','EP4','003');
insert into AI_RELATION_TABLE values ('IM002','EP4','004');
insert into AI_RELATION_TABLE values ('IM002','EP4','005');
insert into AI_RELATION_TABLE values ('IM002','EP4','006');
insert into AI_RELATION_TABLE values ('IM002','EP4','007');
insert into AI_RELATION_TABLE values ('IM002','EP4','008');
insert into AI_RELATION_TABLE values ('IM002','EP4','009');
insert into AI_RELATION_TABLE values ('IM002','EP4','010');
insert into AI_RELATION_TABLE values ('IM002','EP4','011');
insert into AI_RELATION_TABLE values ('IM002','EP4','012');

delete from INSTRUCTIONS_MASTER;
insert into INSTRUCTIONS_MASTER (IM_ID,PROTOCOL) values ('IM001','PROTOCOL_001');
insert into INSTRUCTIONS_MASTER (IM_ID,PROTOCOL) values ('IM002','PROTOCOL_002');

update INSTRUCTIONS_MASTER set 
name ='MOC_MSC_001 expansion 3800mL',
comment = 'Mock',
cell_TYPE = 'hMSC',
input_AMOUNT = '4.5 x 104 cells',
target_AMOUNT_CELLS = '4.5 x 108 cells',
target_AMOUNT_BAGS = '6 bags',
total_PASSAGE_TIMES = '4',
duration_EST = '288 hr',
medium = 'Cellartis® MSC Xeno-Free Culture Medium',
ecm_COATING = '-',
dissociation_REAGENT = 'TrypLE Select Enzyme (X0.25)',
pre_CULTURE_VESSEL = 'Vessel:',
pre_CULTURE_MATERIAL_NAME = 'M003, Corning® CellBIND® 75cm² U-Shaped Canted Neck Cell Culture Flask with Vent Cap',
pre_CULTURE_VOLUME = 'Volume: 15 ml',
pre_CULTURE_INCUBATION_TIME = 'Incubation time: 72h',
icp1_VESSEL = 'Vessel 1(Passage-2):',
icp1_MATERIAL_NAME = 'M018, Corning® CellBIND® Polystyrene CellSTACK® - 1 Chamber with Vent Caps',
icp1_VOLUME = 'Volume: 200 ml',
icp1_INCUBATION_TIME = 'Incubation time: 72h',
icp2_VESSEL = 'Vessel 2(Passage-3):',
icp2_MATERIAL_NAME = 'M019, Corning® CellBIND® Polystyrene CellSTACK® - 5 Chamber with Vent Caps',
icp2_VOLUME = 'Volume: 1000 ml',
icp2_INCUBATION_TIME = 'Incubation time: 72h',
icp3_VESSEL = 'Vessel 3(Passage-4):',
icp3_MATERIAL_NAME = 'M020, Corning® CellBIND® HYPERStack® - 36 Layer Cell Culture Vessel',
icp3_VOLUME = 'Volume: 3900 ml',
icp3_INCUBATION_TIME = 'Incubation time: 72h'
, BP_ALERM = 'alarm.csv'
, BP_WARNING = 'warning.csv'
, BP_HEADER = 'header.csv'
, BP_PH_OVER_TIME = 'ph_over_time.csv'
, BP_GLUCOSE_OVER_TIME = 'glucorse_over_time.csv'
, BP_LACTATE_OVER_TIME = 'lactate_over_time.csv'
, BP_GROWTH_RATE_OVER_TIME = 'growth_rate_over_time.csv'
, BP_CAMERA_VISION = 'camera_vision.csv'
, BP_ORVER_VIEW = 'overview.csv'
, BP_IDENTIFICATION = 'identification.csv'
, BP_CULTURE_CONDITION = 'culture_condition.csv'
, BP_DETAIL = 'detail.csv'
, POB_ICP = 'icp.csv'
, POB_ICP_SUMMARY = 'summary.csv'
, POB_ICP_MICROBIOLOGICAL_STERILITY = 'microbiological.csv'
, POB_ICP_KARYOTYPE_RESULTS = 'karyotype.csv'
, POB_ICP_PTENCY = 'potency.csv'
, POB_ICP_MATERIAL_OVERVIEW = 'overview.csv'
, POB_ICP_MATERIAL_IDENTIFICATION = 'identification.csv'
, POB_ELECTRONIC_BATCH_RECORD = 'EBR_Batch_20171023.pdf'
, POB_CELL_GROWTH_VIDEO = 'countdown.mp4'
, POB_ICP_CULTURE_CONDITION = 'culture_condition.csv'
, PRB_ICP_MATERIAL_OVERVIEW = 'overview.csv'
, PRB_ICP_MATERIAL_IDENTIFICATION = 'identification.csv'
, PRB_ICP_CULTURE_CONDITION = 'culture_condition.csv'
, PRB_ICP_ALERM = 'alarms.csv'
, PRB_ICP_WARNINGS = 'warnings.csv'
where im_id='IM001';

update INSTRUCTIONS_MASTER set 
name ='MOC_MSC_002 expansion 3800mL',
comment = 'Mock',
cell_TYPE = 'hMSC',
input_AMOUNT = '4.5 x 104 cells',
target_AMOUNT_CELLS = '4.5 x 108 cells',
target_AMOUNT_BAGS = '6 bags',
total_PASSAGE_TIMES = '4',
duration_EST = '288 hr',
medium = 'Cellartis® MSC Xeno-Free Culture Medium',
ecm_COATING = '-',
dissociation_REAGENT = 'TrypLE Select Enzyme (X0.25)',
pre_CULTURE_VESSEL = 'Vessel:',
pre_CULTURE_MATERIAL_NAME = 'M003, Corning® CellBIND® 75cm² U-Shaped Canted Neck Cell Culture Flask with Vent Cap',
pre_CULTURE_VOLUME = 'Volume: 15 ml',
pre_CULTURE_INCUBATION_TIME = 'Incubation time: 72h',
icp1_VESSEL = 'Vessel 1(Passage-2):',
icp1_MATERIAL_NAME = 'M018, Corning® CellBIND® Polystyrene CellSTACK® - 1 Chamber with Vent Caps',
icp1_VOLUME = 'Volume: 200 ml',
icp1_INCUBATION_TIME = 'Incubation time: 72h',
icp2_VESSEL = 'Vessel 2(Passage-3):',
icp2_MATERIAL_NAME = 'M019, Corning® CellBIND® Polystyrene CellSTACK® - 5 Chamber with Vent Caps',
icp2_VOLUME = 'Volume: 1000 ml',
icp2_INCUBATION_TIME = 'Incubation time: 72h',
icp3_VESSEL = 'Vessel 3(Passage-4):',
icp3_MATERIAL_NAME = 'M020, Corning® CellBIND® HYPERStack® - 36 Layer Cell Culture Vessel',
icp3_VOLUME = 'Volume: 3900 ml',
icp3_INCUBATION_TIME = 'Incubation time: 72h'
, BP_ALERM = 'alarm.csv'
, BP_WARNING = 'warning.csv'
, BP_HEADER = 'header.csv'
, BP_PH_OVER_TIME = 'ph_over_time.csv'
, BP_GLUCOSE_OVER_TIME = 'glucorse_over_time.csv'
, BP_LACTATE_OVER_TIME = 'lactate_over_time.csv'
, BP_GROWTH_RATE_OVER_TIME = 'growth_rate_over_time.csv'
, BP_CAMERA_VISION = 'camera_vision.csv'
, BP_ORVER_VIEW = 'overview.csv'
, BP_IDENTIFICATION = 'identification.csv'
, BP_CULTURE_CONDITION = 'culture_condition.csv'
, BP_DETAIL = 'detail.csv'
, POB_ICP = 'icp.csv'
, POB_ICP_SUMMARY = 'summary.csv'
, POB_ICP_MICROBIOLOGICAL_STERILITY = 'microbiological.csv'
, POB_ICP_KARYOTYPE_RESULTS = 'karyotype.csv'
, POB_ICP_PTENCY = 'potency.csv'
, POB_ICP_MATERIAL_OVERVIEW = 'overview.csv'
, POB_ICP_MATERIAL_IDENTIFICATION = 'identification.csv'
, POB_ELECTRONIC_BATCH_RECORD = 'EBR_Batch_20171023.pdf'
, POB_CELL_GROWTH_VIDEO = 'countdown.mp4'
, POB_ICP_CULTURE_CONDITION = 'culture_condition.csv'
, PRB_ICP_MATERIAL_OVERVIEW = 'overview.csv'
, PRB_ICP_MATERIAL_IDENTIFICATION = 'identification.csv'
, PRB_ICP_CULTURE_CONDITION = 'culture_condition.csv'
, PRB_ICP_ALERM = 'alarms.csv'
, PRB_ICP_WARNINGS = 'warnings.csv'
where im_id='IM002';

delete from PROC_INSTRUCTIONS_MASTER;
insert into PROC_INSTRUCTIONS_MASTER (IM_ID,INS_PROC_ID,RECIPE_NAME,CELL_TYPE,TARGET_AMOUNT,INCUBATION,END_POINT,COMMENT) values  ('IM001','PREC1','R01_MSC pre-culture for CellSTACK 1 layer','MSC','Min: 3.0x 106 cells  Max: 5.0x 106 cells','36～37.5℃, 0.5% CO2','3.5 x 104 cells/cm2','Mock');
insert into PROC_INSTRUCTIONS_MASTER (IM_ID,INS_PROC_ID,RECIPE_NAME,CELL_TYPE,TARGET_AMOUNT,INCUBATION,END_POINT,COMMENT) values  ('IM001','ICP1','Passage-2 R02_MSC expansion 1-5-36 layers','MSC','4.5 x 108 cells　','36～37.5℃, 0.5% CO2','3.5 x 104 cells/cm2','Mock');
insert into PROC_INSTRUCTIONS_MASTER (IM_ID,INS_PROC_ID,RECIPE_NAME,CELL_TYPE,TARGET_AMOUNT,INCUBATION,END_POINT,COMMENT) values  ('IM001','ICP2','Passage-3 R02_MSC expansion 1-5-36 layers','MSC','4.5 x 108 cells','36～37.5℃, 0.5% CO2','3.5 x 104 cells/cm2','Mock');
insert into PROC_INSTRUCTIONS_MASTER (IM_ID,INS_PROC_ID,RECIPE_NAME,CELL_TYPE,TARGET_AMOUNT,INCUBATION,END_POINT,COMMENT) values  ('IM001','ICP3','Passage-4 R02_MSC expansion 1-5-36 layers','MSC','4.5 x 108 cells','36～37.5℃, 0.5% CO2','3.5 x 104 cells/cm2','Mock');
insert into PROC_INSTRUCTIONS_MASTER (IM_ID,INS_PROC_ID,RECIPE_NAME,CELL_TYPE,TARGET_AMOUNT,INCUBATION,END_POINT,COMMENT) values  ('IM001','BEC1','MSC_Buffer exchange 7600　','','','','','');
insert into PROC_INSTRUCTIONS_MASTER (IM_ID,INS_PROC_ID,RECIPE_NAME,CELL_TYPE,TARGET_AMOUNT,INCUBATION,END_POINT,COMMENT) values  ('IM002','PREC1','R01_MSC pre-culture for CellSTACK 1 layer-002','MSC-002','Min: 3.0x 106 cells  Max: 5.0x 106 cells-002','36～37.5℃, 0.5% CO2-002','3.5 x 104 cells/cm2-002','Mock-002');
insert into PROC_INSTRUCTIONS_MASTER (IM_ID,INS_PROC_ID,RECIPE_NAME,CELL_TYPE,TARGET_AMOUNT,INCUBATION,END_POINT,COMMENT) values  ('IM002','ICP1','Passage-2 R02_MSC expansion 1-5-36 layers-002','MSC-002','4.5 x 108 cells　-002','36～37.5℃, 0.5% CO2-002','3.5 x 104 cells/cm2-002','Mock-002');
insert into PROC_INSTRUCTIONS_MASTER (IM_ID,INS_PROC_ID,RECIPE_NAME,CELL_TYPE,TARGET_AMOUNT,INCUBATION,END_POINT,COMMENT) values  ('IM002','ICP2','Passage-3 R02_MSC expansion 1-5-36 layers-002','MSC-002','4.5 x 108 cells-002','36～37.5℃, 0.5% CO2-002','3.5 x 104 cells/cm2-002','Mock-002');
insert into PROC_INSTRUCTIONS_MASTER (IM_ID,INS_PROC_ID,RECIPE_NAME,CELL_TYPE,TARGET_AMOUNT,INCUBATION,END_POINT,COMMENT) values  ('IM002','ICP3','Passage-4 R02_MSC expansion 1-5-36 layers-002','MSC-002','4.5 x 108 cells-002','36～37.5℃, 0.5% CO2-002','3.5 x 104 cells/cm2-002','Mock-002');
insert into PROC_INSTRUCTIONS_MASTER (IM_ID,INS_PROC_ID,RECIPE_NAME,CELL_TYPE,TARGET_AMOUNT,INCUBATION,END_POINT,COMMENT) values  ('IM002','BEC1','MSC_Buffer exchange 7600　-002','-002','-002','-002','-002','-002');

delete from PROC_INSTRUCTIONS_DETAIL_MASTER;
insert into PROC_INSTRUCTIONS_DETAIL_MASTER (IM_ID,INS_PROC_ID,INS_PROC_DETAIL_ID,ITEM_CONDITION,MATERIAL_NO_NAME,REQUIRED_QUANTITY,USER_LOT_NO,CAPTURE) values  ('IM001','PREC1','001','Medium','M001, Cellartis® MSC Xeno-Free Basal Medium,474 ml','14.25mL','M001_AK9L008-1/30','');
insert into PROC_INSTRUCTIONS_DETAIL_MASTER (IM_ID,INS_PROC_ID,INS_PROC_DETAIL_ID,ITEM_CONDITION,MATERIAL_NO_NAME,REQUIRED_QUANTITY,USER_LOT_NO,CAPTURE) values  ('IM001','PREC1','002','Medium','M002, Cellartis® MSC Xeno-Free Supplement, 25 ml','750μL','M002_AKXL006-1/30','');
insert into PROC_INSTRUCTIONS_DETAIL_MASTER (IM_ID,INS_PROC_ID,INS_PROC_DETAIL_ID,ITEM_CONDITION,MATERIAL_NO_NAME,REQUIRED_QUANTITY,USER_LOT_NO,CAPTURE) values  ('IM001','PREC1','003','ECM','-','','','');
insert into PROC_INSTRUCTIONS_DETAIL_MASTER (IM_ID,INS_PROC_ID,INS_PROC_DETAIL_ID,ITEM_CONDITION,MATERIAL_NO_NAME,REQUIRED_QUANTITY,USER_LOT_NO,CAPTURE) values  ('IM001','PREC1','004','Vessel','M003, Corning® CellBIND® 75cm² U-Shaped Canted Neck Cell Culture Flask with Vent Cap','1 pcs','','');
insert into PROC_INSTRUCTIONS_DETAIL_MASTER (IM_ID,INS_PROC_ID,INS_PROC_DETAIL_ID,ITEM_CONDITION,MATERIAL_NO_NAME,REQUIRED_QUANTITY,USER_LOT_NO,CAPTURE) values  ('IM001','PREC1','005','Input Cell','HADSC Human Adipose-Derived Stem Cells','4.5 x 105 cells','','');
insert into PROC_INSTRUCTIONS_DETAIL_MASTER (IM_ID,INS_PROC_ID,INS_PROC_DETAIL_ID,ITEM_CONDITION,MATERIAL_NO_NAME,REQUIRED_QUANTITY,USER_LOT_NO,CAPTURE) values  ('IM001','PREC1','006','Dissociation reagent','M017, TrypLE Select Enzyme (1X), no phenol red 500 ml','3.75mL','M017-2290615-1/10','');
insert into PROC_INSTRUCTIONS_DETAIL_MASTER (IM_ID,INS_PROC_ID,INS_PROC_DETAIL_ID,ITEM_CONDITION,MATERIAL_NO_NAME,REQUIRED_QUANTITY,USER_LOT_NO,CAPTURE) values  ('IM001','PREC1','007','Dissociation reagent','M016, DPBS, no calcium, no magnesium, 500 ml',' 11.25mL','M016_2235018-1/10','');
insert into PROC_INSTRUCTIONS_DETAIL_MASTER (IM_ID,INS_PROC_ID,INS_PROC_DETAIL_ID,ITEM_CONDITION,MATERIAL_NO_NAME,REQUIRED_QUANTITY,USER_LOT_NO,CAPTURE) values  ('IM001','PREC1','008','Dissociation reagent','Reaction: 37℃, 3 min','','','');
insert into PROC_INSTRUCTIONS_DETAIL_MASTER (IM_ID,INS_PROC_ID,INS_PROC_DETAIL_ID,ITEM_CONDITION,MATERIAL_NO_NAME,REQUIRED_QUANTITY,USER_LOT_NO,CAPTURE) values  ('IM001','PREC1','009','Stop solution','M001, Cellartis® MSC Xeno-Free Basal Medium,474 ml','14.25mL','M001_AK9L008-1/30','');
insert into PROC_INSTRUCTIONS_DETAIL_MASTER (IM_ID,INS_PROC_ID,INS_PROC_DETAIL_ID,ITEM_CONDITION,MATERIAL_NO_NAME,REQUIRED_QUANTITY,USER_LOT_NO,CAPTURE) values  ('IM001','PREC1','010','Stop solution','M002, Cellartis® MSC Xeno-Free Supplement, 25 ml','750μL','M002_AKXL006-1/30','');
insert into PROC_INSTRUCTIONS_DETAIL_MASTER (IM_ID,INS_PROC_ID,INS_PROC_DETAIL_ID,ITEM_CONDITION,MATERIAL_NO_NAME,REQUIRED_QUANTITY,USER_LOT_NO,CAPTURE) values  ('IM001','PREC1','011','Resuspention','M001, Cellartis® MSC Xeno-Free Basal Medium,474 ml','14.25mL','M001_AK9L008-1/30','');
insert into PROC_INSTRUCTIONS_DETAIL_MASTER (IM_ID,INS_PROC_ID,INS_PROC_DETAIL_ID,ITEM_CONDITION,MATERIAL_NO_NAME,REQUIRED_QUANTITY,USER_LOT_NO,CAPTURE) values  ('IM001','PREC1','012','Resuspention','M002, Cellartis® MSC Xeno-Free Supplement, 25 ml','750μL','M002_AKXL006-1/30','');
insert into PROC_INSTRUCTIONS_DETAIL_MASTER (IM_ID,INS_PROC_ID,INS_PROC_DETAIL_ID,ITEM_CONDITION,MATERIAL_NO_NAME,REQUIRED_QUANTITY,USER_LOT_NO,CAPTURE) values  ('IM001','PREC1','013','Cell Suspention for CellQualia','M001, Cellartis® MSC Xeno-Free Basal Medium,474 ml','232.8mL','M001_AK9L008-1/30','');
insert into PROC_INSTRUCTIONS_DETAIL_MASTER (IM_ID,INS_PROC_ID,INS_PROC_DETAIL_ID,ITEM_CONDITION,MATERIAL_NO_NAME,REQUIRED_QUANTITY,USER_LOT_NO,CAPTURE) values  ('IM001','PREC1','014','Cell Suspention for CellQualia','M002, Cellartis® MSC Xeno-Free Supplement, 25 ml','12.3mL','M002_AKXL006-1/30','');
insert into PROC_INSTRUCTIONS_DETAIL_MASTER (IM_ID,INS_PROC_ID,INS_PROC_DETAIL_ID,ITEM_CONDITION,MATERIAL_NO_NAME,REQUIRED_QUANTITY,USER_LOT_NO,CAPTURE) values  ('IM001','ICP1','001','Passage-2','','','','');
insert into PROC_INSTRUCTIONS_DETAIL_MASTER (IM_ID,INS_PROC_ID,INS_PROC_DETAIL_ID,ITEM_CONDITION,MATERIAL_NO_NAME,REQUIRED_QUANTITY,USER_LOT_NO,CAPTURE) values  ('IM001','ICP1','002','ECM','-','','','');
insert into PROC_INSTRUCTIONS_DETAIL_MASTER (IM_ID,INS_PROC_ID,INS_PROC_DETAIL_ID,ITEM_CONDITION,MATERIAL_NO_NAME,REQUIRED_QUANTITY,USER_LOT_NO,CAPTURE) values  ('IM001','ICP1','003','Vessel','M018, Corning® CellBIND® Polystyrene CellSTACK® - 1 Chamber with Vent Caps','1 pcs','','');
insert into PROC_INSTRUCTIONS_DETAIL_MASTER (IM_ID,INS_PROC_ID,INS_PROC_DETAIL_ID,ITEM_CONDITION,MATERIAL_NO_NAME,REQUIRED_QUANTITY,USER_LOT_NO,CAPTURE) values  ('IM001','ICP1','004','Input Cell','HADSC Human Adipose-Derived Stem Cells','1.6 x 106 cells','','');
insert into PROC_INSTRUCTIONS_DETAIL_MASTER (IM_ID,INS_PROC_ID,INS_PROC_DETAIL_ID,ITEM_CONDITION,MATERIAL_NO_NAME,REQUIRED_QUANTITY,USER_LOT_NO,CAPTURE) values  ('IM001','ICP1','005','Medium change','No','','','');
insert into PROC_INSTRUCTIONS_DETAIL_MASTER (IM_ID,INS_PROC_ID,INS_PROC_DETAIL_ID,ITEM_CONDITION,MATERIAL_NO_NAME,REQUIRED_QUANTITY,USER_LOT_NO,CAPTURE) values  ('IM001','ICP1','006','Medium analysis','Yes','Every 24 hr','','');
insert into PROC_INSTRUCTIONS_DETAIL_MASTER (IM_ID,INS_PROC_ID,INS_PROC_DETAIL_ID,ITEM_CONDITION,MATERIAL_NO_NAME,REQUIRED_QUANTITY,USER_LOT_NO,CAPTURE) values  ('IM001','ICP1','007','Image capture','Yes','Every 6 hr','','');
insert into PROC_INSTRUCTIONS_DETAIL_MASTER (IM_ID,INS_PROC_ID,INS_PROC_DETAIL_ID,ITEM_CONDITION,MATERIAL_NO_NAME,REQUIRED_QUANTITY,USER_LOT_NO,CAPTURE) values  ('IM001','ICP1','008','Image capture','Point','','','cellqulia.png');
insert into PROC_INSTRUCTIONS_DETAIL_MASTER (IM_ID,INS_PROC_ID,INS_PROC_DETAIL_ID,ITEM_CONDITION,MATERIAL_NO_NAME,REQUIRED_QUANTITY,USER_LOT_NO,CAPTURE) values  ('IM001','ICP1','009','Dissociation reagent','M017, TrypLE Select Enzyme (1X), no phenol red 500 ml','50mL','M017-2290615-2/10～5/10','');
insert into PROC_INSTRUCTIONS_DETAIL_MASTER (IM_ID,INS_PROC_ID,INS_PROC_DETAIL_ID,ITEM_CONDITION,MATERIAL_NO_NAME,REQUIRED_QUANTITY,USER_LOT_NO,CAPTURE) values  ('IM001','ICP1','010','Dissociation reagent','M016, DPBS, no calcium, no magnesium, 500 ml','150mL','M016_2235018-2/10～10/10','');
insert into PROC_INSTRUCTIONS_DETAIL_MASTER (IM_ID,INS_PROC_ID,INS_PROC_DETAIL_ID,ITEM_CONDITION,MATERIAL_NO_NAME,REQUIRED_QUANTITY,USER_LOT_NO,CAPTURE) values  ('IM001','ICP1','011','Dissociation reagent','Reaction: 37℃, 120 sec','','','');
insert into PROC_INSTRUCTIONS_DETAIL_MASTER (IM_ID,INS_PROC_ID,INS_PROC_DETAIL_ID,ITEM_CONDITION,MATERIAL_NO_NAME,REQUIRED_QUANTITY,USER_LOT_NO,CAPTURE) values  ('IM001','ICP1','012','Resuspension','M001, Cellartis® MSC Xeno-Free Basal Medium,474 ml','190mL','M001_AK9L008-2/30～21/30','');
insert into PROC_INSTRUCTIONS_DETAIL_MASTER (IM_ID,INS_PROC_ID,INS_PROC_DETAIL_ID,ITEM_CONDITION,MATERIAL_NO_NAME,REQUIRED_QUANTITY,USER_LOT_NO,CAPTURE) values  ('IM001','ICP1','013','Resuspension','M002, Cellartis® MSC Xeno-Free Supplement, 25 ml','10mL','M002_AKXL006-2/30～21/30','');
insert into PROC_INSTRUCTIONS_DETAIL_MASTER (IM_ID,INS_PROC_ID,INS_PROC_DETAIL_ID,ITEM_CONDITION,MATERIAL_NO_NAME,REQUIRED_QUANTITY,USER_LOT_NO,CAPTURE) values  ('IM001','ICP1','014','Cell Suspention for Next Passage','M001, Cellartis® MSC Xeno-Free Basal Medium,474 ml','950mL','M001_AK9L008-2/30～21/30','');
insert into PROC_INSTRUCTIONS_DETAIL_MASTER (IM_ID,INS_PROC_ID,INS_PROC_DETAIL_ID,ITEM_CONDITION,MATERIAL_NO_NAME,REQUIRED_QUANTITY,USER_LOT_NO,CAPTURE) values  ('IM001','ICP1','015','Cell Suspention for Next Passage','M002, Cellartis® MSC Xeno-Free Supplement, 25 ml','50mL','M002_AKXL006-2/30～21/30','');
insert into PROC_INSTRUCTIONS_DETAIL_MASTER (IM_ID,INS_PROC_ID,INS_PROC_DETAIL_ID,ITEM_CONDITION,MATERIAL_NO_NAME,REQUIRED_QUANTITY,USER_LOT_NO,CAPTURE) values  ('IM001','ICP2','001','Passage-3','','','','');
insert into PROC_INSTRUCTIONS_DETAIL_MASTER (IM_ID,INS_PROC_ID,INS_PROC_DETAIL_ID,ITEM_CONDITION,MATERIAL_NO_NAME,REQUIRED_QUANTITY,USER_LOT_NO,CAPTURE) values  ('IM001','ICP2','002','ECM','-','','','');
insert into PROC_INSTRUCTIONS_DETAIL_MASTER (IM_ID,INS_PROC_ID,INS_PROC_DETAIL_ID,ITEM_CONDITION,MATERIAL_NO_NAME,REQUIRED_QUANTITY,USER_LOT_NO,CAPTURE) values  ('IM001','ICP2','003','Vessel','M019, Corning® CellBIND® Polystyrene CellSTACK® - 5 Chamber with Vent Caps','1 pcs','','');
insert into PROC_INSTRUCTIONS_DETAIL_MASTER (IM_ID,INS_PROC_ID,INS_PROC_DETAIL_ID,ITEM_CONDITION,MATERIAL_NO_NAME,REQUIRED_QUANTITY,USER_LOT_NO,CAPTURE) values  ('IM001','ICP2','004','Input Cell','HADSC Human Adipose-Derived Stem Cells','8.2 x 106 cells','','');
insert into PROC_INSTRUCTIONS_DETAIL_MASTER (IM_ID,INS_PROC_ID,INS_PROC_DETAIL_ID,ITEM_CONDITION,MATERIAL_NO_NAME,REQUIRED_QUANTITY,USER_LOT_NO,CAPTURE) values  ('IM001','ICP2','005','Medium change','No','','','');
insert into PROC_INSTRUCTIONS_DETAIL_MASTER (IM_ID,INS_PROC_ID,INS_PROC_DETAIL_ID,ITEM_CONDITION,MATERIAL_NO_NAME,REQUIRED_QUANTITY,USER_LOT_NO,CAPTURE) values  ('IM001','ICP2','006','Medium analysis','Yes','Every 24 hr','','');
insert into PROC_INSTRUCTIONS_DETAIL_MASTER (IM_ID,INS_PROC_ID,INS_PROC_DETAIL_ID,ITEM_CONDITION,MATERIAL_NO_NAME,REQUIRED_QUANTITY,USER_LOT_NO,CAPTURE) values  ('IM001','ICP2','007','Image capture','Yes','Every 6 hr','','');
insert into PROC_INSTRUCTIONS_DETAIL_MASTER (IM_ID,INS_PROC_ID,INS_PROC_DETAIL_ID,ITEM_CONDITION,MATERIAL_NO_NAME,REQUIRED_QUANTITY,USER_LOT_NO,CAPTURE) values  ('IM001','ICP2','008','Image capture','Point','','','cellqulia.png');
insert into PROC_INSTRUCTIONS_DETAIL_MASTER (IM_ID,INS_PROC_ID,INS_PROC_DETAIL_ID,ITEM_CONDITION,MATERIAL_NO_NAME,REQUIRED_QUANTITY,USER_LOT_NO,CAPTURE) values  ('IM001','ICP2','009','Dissociation reagent','M017, TrypLE Select Enzyme (1X), no phenol red 500 ml','250mL','M017-2290615-2/10～5/10','');
insert into PROC_INSTRUCTIONS_DETAIL_MASTER (IM_ID,INS_PROC_ID,INS_PROC_DETAIL_ID,ITEM_CONDITION,MATERIAL_NO_NAME,REQUIRED_QUANTITY,USER_LOT_NO,CAPTURE) values  ('IM001','ICP2','010','Dissociation reagent','M016, DPBS, no calcium, no magnesium, 500 ml','750mL','M016_2235018-2/10～10/10','');
insert into PROC_INSTRUCTIONS_DETAIL_MASTER (IM_ID,INS_PROC_ID,INS_PROC_DETAIL_ID,ITEM_CONDITION,MATERIAL_NO_NAME,REQUIRED_QUANTITY,USER_LOT_NO,CAPTURE) values  ('IM001','ICP2','011','Dissociation reagent','Reaction: 37℃, 120 sec','','','');
insert into PROC_INSTRUCTIONS_DETAIL_MASTER (IM_ID,INS_PROC_ID,INS_PROC_DETAIL_ID,ITEM_CONDITION,MATERIAL_NO_NAME,REQUIRED_QUANTITY,USER_LOT_NO,CAPTURE) values  ('IM001','ICP2','012','Resuspension','M001, Cellartis® MSC Xeno-Free Basal Medium,474 ml','950mL','M001_AK9L008-2/30～21/30','');
insert into PROC_INSTRUCTIONS_DETAIL_MASTER (IM_ID,INS_PROC_ID,INS_PROC_DETAIL_ID,ITEM_CONDITION,MATERIAL_NO_NAME,REQUIRED_QUANTITY,USER_LOT_NO,CAPTURE) values  ('IM001','ICP2','013','Resuspension','M002, Cellartis® MSC Xeno-Free Supplement, 25 ml','50mL','M002_AKXL006-2/30～21/30','');
insert into PROC_INSTRUCTIONS_DETAIL_MASTER (IM_ID,INS_PROC_ID,INS_PROC_DETAIL_ID,ITEM_CONDITION,MATERIAL_NO_NAME,REQUIRED_QUANTITY,USER_LOT_NO,CAPTURE) values  ('IM001','ICP2','014','Prepar Cell Suspention for Next Passage','M001, Cellartis® MSC Xeno-Free Basal Medium,474 ml','3605mL','M001_AK9L008-2/30～21/30','');
insert into PROC_INSTRUCTIONS_DETAIL_MASTER (IM_ID,INS_PROC_ID,INS_PROC_DETAIL_ID,ITEM_CONDITION,MATERIAL_NO_NAME,REQUIRED_QUANTITY,USER_LOT_NO,CAPTURE) values  ('IM001','ICP2','015','Prepar Cell Suspention for Next Passage','M002, Cellartis® MSC Xeno-Free Supplement, 25 ml','195mL','M002_AKXL006-2/30～21/30','');
insert into PROC_INSTRUCTIONS_DETAIL_MASTER (IM_ID,INS_PROC_ID,INS_PROC_DETAIL_ID,ITEM_CONDITION,MATERIAL_NO_NAME,REQUIRED_QUANTITY,USER_LOT_NO,CAPTURE) values  ('IM001','ICP3','001','Passage-3','','','','');
insert into PROC_INSTRUCTIONS_DETAIL_MASTER (IM_ID,INS_PROC_ID,INS_PROC_DETAIL_ID,ITEM_CONDITION,MATERIAL_NO_NAME,REQUIRED_QUANTITY,USER_LOT_NO,CAPTURE) values  ('IM001','ICP3','002','ECM','-','','','');
insert into PROC_INSTRUCTIONS_DETAIL_MASTER (IM_ID,INS_PROC_ID,INS_PROC_DETAIL_ID,ITEM_CONDITION,MATERIAL_NO_NAME,REQUIRED_QUANTITY,USER_LOT_NO,CAPTURE) values  ('IM001','ICP3','003','Vessel','M020, Corning® CellBIND® HYPERStack® - 36 Layer Cell Culture Vessel','1 pcs','','');
insert into PROC_INSTRUCTIONS_DETAIL_MASTER (IM_ID,INS_PROC_ID,INS_PROC_DETAIL_ID,ITEM_CONDITION,MATERIAL_NO_NAME,REQUIRED_QUANTITY,USER_LOT_NO,CAPTURE) values  ('IM001','ICP3','004','Input Cell','HADSC Human Adipose-Derived Stem Cells','4.9 x 107 cells','','');
insert into PROC_INSTRUCTIONS_DETAIL_MASTER (IM_ID,INS_PROC_ID,INS_PROC_DETAIL_ID,ITEM_CONDITION,MATERIAL_NO_NAME,REQUIRED_QUANTITY,USER_LOT_NO,CAPTURE) values  ('IM001','ICP3','005','Medium change','No','','','');
insert into PROC_INSTRUCTIONS_DETAIL_MASTER (IM_ID,INS_PROC_ID,INS_PROC_DETAIL_ID,ITEM_CONDITION,MATERIAL_NO_NAME,REQUIRED_QUANTITY,USER_LOT_NO,CAPTURE) values  ('IM001','ICP3','006','Medium analysis','Yes','Every 24 hr','','');
insert into PROC_INSTRUCTIONS_DETAIL_MASTER (IM_ID,INS_PROC_ID,INS_PROC_DETAIL_ID,ITEM_CONDITION,MATERIAL_NO_NAME,REQUIRED_QUANTITY,USER_LOT_NO,CAPTURE) values  ('IM001','ICP3','007','Image capture','Yes','Every 6 hr','','');
insert into PROC_INSTRUCTIONS_DETAIL_MASTER (IM_ID,INS_PROC_ID,INS_PROC_DETAIL_ID,ITEM_CONDITION,MATERIAL_NO_NAME,REQUIRED_QUANTITY,USER_LOT_NO,CAPTURE) values  ('IM001','ICP3','008','Image capture','Point','','','cellqulia.png');
insert into PROC_INSTRUCTIONS_DETAIL_MASTER (IM_ID,INS_PROC_ID,INS_PROC_DETAIL_ID,ITEM_CONDITION,MATERIAL_NO_NAME,REQUIRED_QUANTITY,USER_LOT_NO,CAPTURE) values  ('IM001','ICP3','009','Dissociation reagent','M017, TrypLE Select Enzyme (1X), no phenol red 500 ml','950mL','M017-2290615-2/10～5/10','');
insert into PROC_INSTRUCTIONS_DETAIL_MASTER (IM_ID,INS_PROC_ID,INS_PROC_DETAIL_ID,ITEM_CONDITION,MATERIAL_NO_NAME,REQUIRED_QUANTITY,USER_LOT_NO,CAPTURE) values  ('IM001','ICP3','010','Dissociation reagent','M016, DPBS, no calcium, no magnesium, 500 ml','2850mL','M016_2235018-2/10～10/10','');
insert into PROC_INSTRUCTIONS_DETAIL_MASTER (IM_ID,INS_PROC_ID,INS_PROC_DETAIL_ID,ITEM_CONDITION,MATERIAL_NO_NAME,REQUIRED_QUANTITY,USER_LOT_NO,CAPTURE) values  ('IM001','ICP3','011','Dissociation reagent','Reaction: 37℃, 120 sec','','','');
insert into PROC_INSTRUCTIONS_DETAIL_MASTER (IM_ID,INS_PROC_ID,INS_PROC_DETAIL_ID,ITEM_CONDITION,MATERIAL_NO_NAME,REQUIRED_QUANTITY,USER_LOT_NO,CAPTURE) values  ('IM001','ICP3','012','Stop solution','M001, Cellartis® MSC Xeno-Free Basal Medium,474 ml','3605mL','M001_AK9L008-2/30～21/30','');
insert into PROC_INSTRUCTIONS_DETAIL_MASTER (IM_ID,INS_PROC_ID,INS_PROC_DETAIL_ID,ITEM_CONDITION,MATERIAL_NO_NAME,REQUIRED_QUANTITY,USER_LOT_NO,CAPTURE) values  ('IM001','ICP3','013','Stop solution','M002, Cellartis® MSC Xeno-Free Supplement, 25 ml','195mL','M002_AKXL006-2/30～21/30','');

insert into PROC_INSTRUCTIONS_DETAIL_MASTER (IM_ID,INS_PROC_ID,INS_PROC_DETAIL_ID,ITEM_CONDITION,MATERIAL_NO_NAME,REQUIRED_QUANTITY,USER_LOT_NO,CAPTURE) values  ('IM002','PREC1','001','Medium','M001, Cellartis® MSC Xeno-Free Basal Medium,474 ml','14.25mL','M001_AK9L008-1/30','');
insert into PROC_INSTRUCTIONS_DETAIL_MASTER (IM_ID,INS_PROC_ID,INS_PROC_DETAIL_ID,ITEM_CONDITION,MATERIAL_NO_NAME,REQUIRED_QUANTITY,USER_LOT_NO,CAPTURE) values  ('IM002','PREC1','002','Medium','M002, Cellartis® MSC Xeno-Free Supplement, 25 ml','750μL','M002_AKXL006-1/30','');
insert into PROC_INSTRUCTIONS_DETAIL_MASTER (IM_ID,INS_PROC_ID,INS_PROC_DETAIL_ID,ITEM_CONDITION,MATERIAL_NO_NAME,REQUIRED_QUANTITY,USER_LOT_NO,CAPTURE) values  ('IM002','PREC1','003','ECM','-','','','');
insert into PROC_INSTRUCTIONS_DETAIL_MASTER (IM_ID,INS_PROC_ID,INS_PROC_DETAIL_ID,ITEM_CONDITION,MATERIAL_NO_NAME,REQUIRED_QUANTITY,USER_LOT_NO,CAPTURE) values  ('IM002','PREC1','004','Vessel','M003, Corning® CellBIND® 75cm² U-Shaped Canted Neck Cell Culture Flask with Vent Cap','1 pcs','','');
insert into PROC_INSTRUCTIONS_DETAIL_MASTER (IM_ID,INS_PROC_ID,INS_PROC_DETAIL_ID,ITEM_CONDITION,MATERIAL_NO_NAME,REQUIRED_QUANTITY,USER_LOT_NO,CAPTURE) values  ('IM002','PREC1','005','Input Cell','HADSC Human Adipose-Derived Stem Cells','4.5 x 105 cells','','');
insert into PROC_INSTRUCTIONS_DETAIL_MASTER (IM_ID,INS_PROC_ID,INS_PROC_DETAIL_ID,ITEM_CONDITION,MATERIAL_NO_NAME,REQUIRED_QUANTITY,USER_LOT_NO,CAPTURE) values  ('IM002','PREC1','006','Dissociation reagent','M017, TrypLE Select Enzyme (1X), no phenol red 500 ml','3.75mL','M017-2290615-1/10','');
insert into PROC_INSTRUCTIONS_DETAIL_MASTER (IM_ID,INS_PROC_ID,INS_PROC_DETAIL_ID,ITEM_CONDITION,MATERIAL_NO_NAME,REQUIRED_QUANTITY,USER_LOT_NO,CAPTURE) values  ('IM002','PREC1','007','Dissociation reagent','M016, DPBS, no calcium, no magnesium, 500 ml',' 11.25mL','M016_2235018-1/10','');
insert into PROC_INSTRUCTIONS_DETAIL_MASTER (IM_ID,INS_PROC_ID,INS_PROC_DETAIL_ID,ITEM_CONDITION,MATERIAL_NO_NAME,REQUIRED_QUANTITY,USER_LOT_NO,CAPTURE) values  ('IM002','PREC1','008','Dissociation reagent','Reaction: 37℃, 3 min','','','');
insert into PROC_INSTRUCTIONS_DETAIL_MASTER (IM_ID,INS_PROC_ID,INS_PROC_DETAIL_ID,ITEM_CONDITION,MATERIAL_NO_NAME,REQUIRED_QUANTITY,USER_LOT_NO,CAPTURE) values  ('IM002','PREC1','009','Stop solution','M001, Cellartis® MSC Xeno-Free Basal Medium,474 ml','14.25mL','M001_AK9L008-1/30','');
insert into PROC_INSTRUCTIONS_DETAIL_MASTER (IM_ID,INS_PROC_ID,INS_PROC_DETAIL_ID,ITEM_CONDITION,MATERIAL_NO_NAME,REQUIRED_QUANTITY,USER_LOT_NO,CAPTURE) values  ('IM002','PREC1','010','Stop solution','M002, Cellartis® MSC Xeno-Free Supplement, 25 ml','750μL','M002_AKXL006-1/30','');
insert into PROC_INSTRUCTIONS_DETAIL_MASTER (IM_ID,INS_PROC_ID,INS_PROC_DETAIL_ID,ITEM_CONDITION,MATERIAL_NO_NAME,REQUIRED_QUANTITY,USER_LOT_NO,CAPTURE) values  ('IM002','PREC1','011','Resuspention','M001, Cellartis® MSC Xeno-Free Basal Medium,474 ml','14.25mL','M001_AK9L008-1/30','');
insert into PROC_INSTRUCTIONS_DETAIL_MASTER (IM_ID,INS_PROC_ID,INS_PROC_DETAIL_ID,ITEM_CONDITION,MATERIAL_NO_NAME,REQUIRED_QUANTITY,USER_LOT_NO,CAPTURE) values  ('IM002','PREC1','012','Resuspention','M002, Cellartis® MSC Xeno-Free Supplement, 25 ml','750μL','M002_AKXL006-1/30','');
insert into PROC_INSTRUCTIONS_DETAIL_MASTER (IM_ID,INS_PROC_ID,INS_PROC_DETAIL_ID,ITEM_CONDITION,MATERIAL_NO_NAME,REQUIRED_QUANTITY,USER_LOT_NO,CAPTURE) values  ('IM002','PREC1','013','Cell Suspention for CellQualia','M001, Cellartis® MSC Xeno-Free Basal Medium,474 ml','232.8mL','M001_AK9L008-1/30','');
insert into PROC_INSTRUCTIONS_DETAIL_MASTER (IM_ID,INS_PROC_ID,INS_PROC_DETAIL_ID,ITEM_CONDITION,MATERIAL_NO_NAME,REQUIRED_QUANTITY,USER_LOT_NO,CAPTURE) values  ('IM002','PREC1','014','Cell Suspention for CellQualia','M002, Cellartis® MSC Xeno-Free Supplement, 25 ml','12.3mL','M002_AKXL006-1/30','');
insert into PROC_INSTRUCTIONS_DETAIL_MASTER (IM_ID,INS_PROC_ID,INS_PROC_DETAIL_ID,ITEM_CONDITION,MATERIAL_NO_NAME,REQUIRED_QUANTITY,USER_LOT_NO,CAPTURE) values  ('IM002','ICP1','001','Passage-2','','','','');
insert into PROC_INSTRUCTIONS_DETAIL_MASTER (IM_ID,INS_PROC_ID,INS_PROC_DETAIL_ID,ITEM_CONDITION,MATERIAL_NO_NAME,REQUIRED_QUANTITY,USER_LOT_NO,CAPTURE) values  ('IM002','ICP1','002','ECM','-','','','');
insert into PROC_INSTRUCTIONS_DETAIL_MASTER (IM_ID,INS_PROC_ID,INS_PROC_DETAIL_ID,ITEM_CONDITION,MATERIAL_NO_NAME,REQUIRED_QUANTITY,USER_LOT_NO,CAPTURE) values  ('IM002','ICP1','003','Vessel','M018, Corning® CellBIND® Polystyrene CellSTACK® - 1 Chamber with Vent Caps','1 pcs','','');
insert into PROC_INSTRUCTIONS_DETAIL_MASTER (IM_ID,INS_PROC_ID,INS_PROC_DETAIL_ID,ITEM_CONDITION,MATERIAL_NO_NAME,REQUIRED_QUANTITY,USER_LOT_NO,CAPTURE) values  ('IM002','ICP1','004','Input Cell','HADSC Human Adipose-Derived Stem Cells','1.6 x 106 cells','','');
insert into PROC_INSTRUCTIONS_DETAIL_MASTER (IM_ID,INS_PROC_ID,INS_PROC_DETAIL_ID,ITEM_CONDITION,MATERIAL_NO_NAME,REQUIRED_QUANTITY,USER_LOT_NO,CAPTURE) values  ('IM002','ICP1','005','Medium change','No','','','');
insert into PROC_INSTRUCTIONS_DETAIL_MASTER (IM_ID,INS_PROC_ID,INS_PROC_DETAIL_ID,ITEM_CONDITION,MATERIAL_NO_NAME,REQUIRED_QUANTITY,USER_LOT_NO,CAPTURE) values  ('IM002','ICP1','006','Medium analysis','Yes','Every 24 hr','','');
insert into PROC_INSTRUCTIONS_DETAIL_MASTER (IM_ID,INS_PROC_ID,INS_PROC_DETAIL_ID,ITEM_CONDITION,MATERIAL_NO_NAME,REQUIRED_QUANTITY,USER_LOT_NO,CAPTURE) values  ('IM002','ICP1','007','Image capture','Yes','Every 6 hr','','');
insert into PROC_INSTRUCTIONS_DETAIL_MASTER (IM_ID,INS_PROC_ID,INS_PROC_DETAIL_ID,ITEM_CONDITION,MATERIAL_NO_NAME,REQUIRED_QUANTITY,USER_LOT_NO,CAPTURE) values  ('IM002','ICP1','008','Image capture','Point','','','cellqulia.png');
insert into PROC_INSTRUCTIONS_DETAIL_MASTER (IM_ID,INS_PROC_ID,INS_PROC_DETAIL_ID,ITEM_CONDITION,MATERIAL_NO_NAME,REQUIRED_QUANTITY,USER_LOT_NO,CAPTURE) values  ('IM002','ICP1','009','Dissociation reagent','M017, TrypLE Select Enzyme (1X), no phenol red 500 ml','50mL','M017-2290615-2/10～5/10','');
insert into PROC_INSTRUCTIONS_DETAIL_MASTER (IM_ID,INS_PROC_ID,INS_PROC_DETAIL_ID,ITEM_CONDITION,MATERIAL_NO_NAME,REQUIRED_QUANTITY,USER_LOT_NO,CAPTURE) values  ('IM002','ICP1','010','Dissociation reagent','M016, DPBS, no calcium, no magnesium, 500 ml','150mL','M016_2235018-2/10～10/10','');
insert into PROC_INSTRUCTIONS_DETAIL_MASTER (IM_ID,INS_PROC_ID,INS_PROC_DETAIL_ID,ITEM_CONDITION,MATERIAL_NO_NAME,REQUIRED_QUANTITY,USER_LOT_NO,CAPTURE) values  ('IM002','ICP1','011','Dissociation reagent','Reaction: 37℃, 120 sec','','','');
insert into PROC_INSTRUCTIONS_DETAIL_MASTER (IM_ID,INS_PROC_ID,INS_PROC_DETAIL_ID,ITEM_CONDITION,MATERIAL_NO_NAME,REQUIRED_QUANTITY,USER_LOT_NO,CAPTURE) values  ('IM002','ICP1','012','Resuspension','M001, Cellartis® MSC Xeno-Free Basal Medium,474 ml','190mL','M001_AK9L008-2/30～21/30','');
insert into PROC_INSTRUCTIONS_DETAIL_MASTER (IM_ID,INS_PROC_ID,INS_PROC_DETAIL_ID,ITEM_CONDITION,MATERIAL_NO_NAME,REQUIRED_QUANTITY,USER_LOT_NO,CAPTURE) values  ('IM002','ICP1','013','Resuspension','M002, Cellartis® MSC Xeno-Free Supplement, 25 ml','10mL','M002_AKXL006-2/30～21/30','');
insert into PROC_INSTRUCTIONS_DETAIL_MASTER (IM_ID,INS_PROC_ID,INS_PROC_DETAIL_ID,ITEM_CONDITION,MATERIAL_NO_NAME,REQUIRED_QUANTITY,USER_LOT_NO,CAPTURE) values  ('IM002','ICP1','014','Cell Suspention for Next Passage','M001, Cellartis® MSC Xeno-Free Basal Medium,474 ml','950mL','M001_AK9L008-2/30～21/30','');
insert into PROC_INSTRUCTIONS_DETAIL_MASTER (IM_ID,INS_PROC_ID,INS_PROC_DETAIL_ID,ITEM_CONDITION,MATERIAL_NO_NAME,REQUIRED_QUANTITY,USER_LOT_NO,CAPTURE) values  ('IM002','ICP1','015','Cell Suspention for Next Passage','M002, Cellartis® MSC Xeno-Free Supplement, 25 ml','50mL','M002_AKXL006-2/30～21/30','');
insert into PROC_INSTRUCTIONS_DETAIL_MASTER (IM_ID,INS_PROC_ID,INS_PROC_DETAIL_ID,ITEM_CONDITION,MATERIAL_NO_NAME,REQUIRED_QUANTITY,USER_LOT_NO,CAPTURE) values  ('IM002','ICP2','001','Passage-3','','','','');
insert into PROC_INSTRUCTIONS_DETAIL_MASTER (IM_ID,INS_PROC_ID,INS_PROC_DETAIL_ID,ITEM_CONDITION,MATERIAL_NO_NAME,REQUIRED_QUANTITY,USER_LOT_NO,CAPTURE) values  ('IM002','ICP2','002','ECM','-','','','');
insert into PROC_INSTRUCTIONS_DETAIL_MASTER (IM_ID,INS_PROC_ID,INS_PROC_DETAIL_ID,ITEM_CONDITION,MATERIAL_NO_NAME,REQUIRED_QUANTITY,USER_LOT_NO,CAPTURE) values  ('IM002','ICP2','003','Vessel','M019, Corning® CellBIND® Polystyrene CellSTACK® - 5 Chamber with Vent Caps','1 pcs','','');
insert into PROC_INSTRUCTIONS_DETAIL_MASTER (IM_ID,INS_PROC_ID,INS_PROC_DETAIL_ID,ITEM_CONDITION,MATERIAL_NO_NAME,REQUIRED_QUANTITY,USER_LOT_NO,CAPTURE) values  ('IM002','ICP2','004','Input Cell','HADSC Human Adipose-Derived Stem Cells','8.2 x 106 cells','','');
insert into PROC_INSTRUCTIONS_DETAIL_MASTER (IM_ID,INS_PROC_ID,INS_PROC_DETAIL_ID,ITEM_CONDITION,MATERIAL_NO_NAME,REQUIRED_QUANTITY,USER_LOT_NO,CAPTURE) values  ('IM002','ICP2','005','Medium change','No','','','');
insert into PROC_INSTRUCTIONS_DETAIL_MASTER (IM_ID,INS_PROC_ID,INS_PROC_DETAIL_ID,ITEM_CONDITION,MATERIAL_NO_NAME,REQUIRED_QUANTITY,USER_LOT_NO,CAPTURE) values  ('IM002','ICP2','006','Medium analysis','Yes','Every 24 hr','','');
insert into PROC_INSTRUCTIONS_DETAIL_MASTER (IM_ID,INS_PROC_ID,INS_PROC_DETAIL_ID,ITEM_CONDITION,MATERIAL_NO_NAME,REQUIRED_QUANTITY,USER_LOT_NO,CAPTURE) values  ('IM002','ICP2','007','Image capture','Yes','Every 6 hr','','');
insert into PROC_INSTRUCTIONS_DETAIL_MASTER (IM_ID,INS_PROC_ID,INS_PROC_DETAIL_ID,ITEM_CONDITION,MATERIAL_NO_NAME,REQUIRED_QUANTITY,USER_LOT_NO,CAPTURE) values  ('IM002','ICP2','008','Image capture','Point','','','cellqulia.png');
insert into PROC_INSTRUCTIONS_DETAIL_MASTER (IM_ID,INS_PROC_ID,INS_PROC_DETAIL_ID,ITEM_CONDITION,MATERIAL_NO_NAME,REQUIRED_QUANTITY,USER_LOT_NO,CAPTURE) values  ('IM002','ICP2','009','Dissociation reagent','M017, TrypLE Select Enzyme (1X), no phenol red 500 ml','250mL','M017-2290615-2/10～5/10','');
insert into PROC_INSTRUCTIONS_DETAIL_MASTER (IM_ID,INS_PROC_ID,INS_PROC_DETAIL_ID,ITEM_CONDITION,MATERIAL_NO_NAME,REQUIRED_QUANTITY,USER_LOT_NO,CAPTURE) values  ('IM002','ICP2','010','Dissociation reagent','M016, DPBS, no calcium, no magnesium, 500 ml','750mL','M016_2235018-2/10～10/10','');
insert into PROC_INSTRUCTIONS_DETAIL_MASTER (IM_ID,INS_PROC_ID,INS_PROC_DETAIL_ID,ITEM_CONDITION,MATERIAL_NO_NAME,REQUIRED_QUANTITY,USER_LOT_NO,CAPTURE) values  ('IM002','ICP2','011','Dissociation reagent','Reaction: 37℃, 120 sec','','','');
insert into PROC_INSTRUCTIONS_DETAIL_MASTER (IM_ID,INS_PROC_ID,INS_PROC_DETAIL_ID,ITEM_CONDITION,MATERIAL_NO_NAME,REQUIRED_QUANTITY,USER_LOT_NO,CAPTURE) values  ('IM002','ICP2','012','Resuspension','M001, Cellartis® MSC Xeno-Free Basal Medium,474 ml','950mL','M001_AK9L008-2/30～21/30','');
insert into PROC_INSTRUCTIONS_DETAIL_MASTER (IM_ID,INS_PROC_ID,INS_PROC_DETAIL_ID,ITEM_CONDITION,MATERIAL_NO_NAME,REQUIRED_QUANTITY,USER_LOT_NO,CAPTURE) values  ('IM002','ICP2','013','Resuspension','M002, Cellartis® MSC Xeno-Free Supplement, 25 ml','50mL','M002_AKXL006-2/30～21/30','');
insert into PROC_INSTRUCTIONS_DETAIL_MASTER (IM_ID,INS_PROC_ID,INS_PROC_DETAIL_ID,ITEM_CONDITION,MATERIAL_NO_NAME,REQUIRED_QUANTITY,USER_LOT_NO,CAPTURE) values  ('IM002','ICP2','014','Prepar Cell Suspention for Next Passage','M001, Cellartis® MSC Xeno-Free Basal Medium,474 ml','3605mL','M001_AK9L008-2/30～21/30','');
insert into PROC_INSTRUCTIONS_DETAIL_MASTER (IM_ID,INS_PROC_ID,INS_PROC_DETAIL_ID,ITEM_CONDITION,MATERIAL_NO_NAME,REQUIRED_QUANTITY,USER_LOT_NO,CAPTURE) values  ('IM002','ICP2','015','Prepar Cell Suspention for Next Passage','M002, Cellartis® MSC Xeno-Free Supplement, 25 ml','195mL','M002_AKXL006-2/30～21/30','');
insert into PROC_INSTRUCTIONS_DETAIL_MASTER (IM_ID,INS_PROC_ID,INS_PROC_DETAIL_ID,ITEM_CONDITION,MATERIAL_NO_NAME,REQUIRED_QUANTITY,USER_LOT_NO,CAPTURE) values  ('IM002','ICP3','001','Passage-3','','','','');
insert into PROC_INSTRUCTIONS_DETAIL_MASTER (IM_ID,INS_PROC_ID,INS_PROC_DETAIL_ID,ITEM_CONDITION,MATERIAL_NO_NAME,REQUIRED_QUANTITY,USER_LOT_NO,CAPTURE) values  ('IM002','ICP3','002','ECM','-','','','');
insert into PROC_INSTRUCTIONS_DETAIL_MASTER (IM_ID,INS_PROC_ID,INS_PROC_DETAIL_ID,ITEM_CONDITION,MATERIAL_NO_NAME,REQUIRED_QUANTITY,USER_LOT_NO,CAPTURE) values  ('IM002','ICP3','003','Vessel','M020, Corning® CellBIND® HYPERStack® - 36 Layer Cell Culture Vessel','1 pcs','','');
insert into PROC_INSTRUCTIONS_DETAIL_MASTER (IM_ID,INS_PROC_ID,INS_PROC_DETAIL_ID,ITEM_CONDITION,MATERIAL_NO_NAME,REQUIRED_QUANTITY,USER_LOT_NO,CAPTURE) values  ('IM002','ICP3','004','Input Cell','HADSC Human Adipose-Derived Stem Cells','4.9 x 107 cells','','');
insert into PROC_INSTRUCTIONS_DETAIL_MASTER (IM_ID,INS_PROC_ID,INS_PROC_DETAIL_ID,ITEM_CONDITION,MATERIAL_NO_NAME,REQUIRED_QUANTITY,USER_LOT_NO,CAPTURE) values  ('IM002','ICP3','005','Medium change','No','','','');
insert into PROC_INSTRUCTIONS_DETAIL_MASTER (IM_ID,INS_PROC_ID,INS_PROC_DETAIL_ID,ITEM_CONDITION,MATERIAL_NO_NAME,REQUIRED_QUANTITY,USER_LOT_NO,CAPTURE) values  ('IM002','ICP3','006','Medium analysis','Yes','Every 24 hr','','');
insert into PROC_INSTRUCTIONS_DETAIL_MASTER (IM_ID,INS_PROC_ID,INS_PROC_DETAIL_ID,ITEM_CONDITION,MATERIAL_NO_NAME,REQUIRED_QUANTITY,USER_LOT_NO,CAPTURE) values  ('IM002','ICP3','007','Image capture','Yes','Every 6 hr','','');
insert into PROC_INSTRUCTIONS_DETAIL_MASTER (IM_ID,INS_PROC_ID,INS_PROC_DETAIL_ID,ITEM_CONDITION,MATERIAL_NO_NAME,REQUIRED_QUANTITY,USER_LOT_NO,CAPTURE) values  ('IM002','ICP3','008','Image capture','Point','','','cellqulia.png');
insert into PROC_INSTRUCTIONS_DETAIL_MASTER (IM_ID,INS_PROC_ID,INS_PROC_DETAIL_ID,ITEM_CONDITION,MATERIAL_NO_NAME,REQUIRED_QUANTITY,USER_LOT_NO,CAPTURE) values  ('IM002','ICP3','009','Dissociation reagent','M017, TrypLE Select Enzyme (1X), no phenol red 500 ml','950mL','M017-2290615-2/10～5/10','');
insert into PROC_INSTRUCTIONS_DETAIL_MASTER (IM_ID,INS_PROC_ID,INS_PROC_DETAIL_ID,ITEM_CONDITION,MATERIAL_NO_NAME,REQUIRED_QUANTITY,USER_LOT_NO,CAPTURE) values  ('IM002','ICP3','010','Dissociation reagent','M016, DPBS, no calcium, no magnesium, 500 ml','2850mL','M016_2235018-2/10～10/10','');
insert into PROC_INSTRUCTIONS_DETAIL_MASTER (IM_ID,INS_PROC_ID,INS_PROC_DETAIL_ID,ITEM_CONDITION,MATERIAL_NO_NAME,REQUIRED_QUANTITY,USER_LOT_NO,CAPTURE) values  ('IM002','ICP3','011','Dissociation reagent','Reaction: 37℃, 120 sec','','','');
insert into PROC_INSTRUCTIONS_DETAIL_MASTER (IM_ID,INS_PROC_ID,INS_PROC_DETAIL_ID,ITEM_CONDITION,MATERIAL_NO_NAME,REQUIRED_QUANTITY,USER_LOT_NO,CAPTURE) values  ('IM002','ICP3','012','Stop solution','M001, Cellartis® MSC Xeno-Free Basal Medium,474 ml','3605mL','M001_AK9L008-2/30～21/30','');
insert into PROC_INSTRUCTIONS_DETAIL_MASTER (IM_ID,INS_PROC_ID,INS_PROC_DETAIL_ID,ITEM_CONDITION,MATERIAL_NO_NAME,REQUIRED_QUANTITY,USER_LOT_NO,CAPTURE) values  ('IM002','ICP3','013','Stop solution','M002, Cellartis® MSC Xeno-Free Supplement, 25 ml','195mL','M002_AKXL006-2/30～21/30','');
